<?xml version="1.0" encoding="UTF-8"?>
<GenRun Id="synth_1_copy_1" LaunchPart="xc7a100tcsg324-1" LaunchTime="1753282579" LaunchIncrCheckpoint="$PSRCDIR/utils_1/imports/synth_1_copy_1/top.dcp">
  <File Type="RDS-RDS" Name="top.vds"/>
  <File Type="REPORTS-TCL" Name="top_reports.tcl"/>
  <File Type="PA-TCL" Name="top.tcl"/>
  <File Type="RDS-DCP" Name="top.dcp"/>
  <File Type="RDS-UTIL" Name="top_utilization_synth.rpt"/>
  <File Type="RDS-UTIL-PB" Name="top_utilization_synth.pb"/>
  <FileSet Name="sources" Type="DesignSrcs" RelSrcDir="$PSRCDIR/sources_1" RelGenDir="$PGENDIR/sources_1">
    <Filter Type="Srcs"/>
    <File Path="$PSRCDIR/sources_1/imports/Arty-A7/Drop-In-JTAG/RTL/bsr.sv">
      <FileInfo>
        <Attr Name="ImportPath" Val="$PPRDIR/../../../../Drop-In-JTAG/RTL/bsr.sv"/>
        <Attr Name="ImportTime" Val="1753208809"/>
        <Attr Name="UsedIn" Val="synthesis"/>
        <Attr Name="UsedIn" Val="implementation"/>
        <Attr Name="UsedIn" Val="simulation"/>
      </FileInfo>
    </File>
    <File Path="$PSRCDIR/sources_1/imports/Arty-A7/Drop-In-JTAG/RTL/bypass_register.sv">
      <FileInfo>
        <Attr Name="ImportPath" Val="$PPRDIR/../../../../Drop-In-JTAG/RTL/bypass_register.sv"/>
        <Attr Name="ImportTime" Val="1753208809"/>
        <Attr Name="UsedIn" Val="synthesis"/>
        <Attr Name="UsedIn" Val="implementation"/>
        <Attr Name="UsedIn" Val="simulation"/>
      </FileInfo>
    </File>
    <File Path="$PSRCDIR/sources_1/imports/Arty-A7/Drop-In-JTAG/RTL/defines.sv">
      <FileInfo>
        <Attr Name="ImportPath" Val="$PPRDIR/../../../../Drop-In-JTAG/RTL/defines.sv"/>
        <Attr Name="ImportTime" Val="1753208809"/>
        <Attr Name="UsedIn" Val="synthesis"/>
        <Attr Name="UsedIn" Val="implementation"/>
        <Attr Name="UsedIn" Val="simulation"/>
      </FileInfo>
    </File>
    <File Path="$PSRCDIR/sources_1/imports/Arty-A7/Drop-In-JTAG/RTL/device_identification_register.sv">
      <FileInfo>
        <Attr Name="ImportPath" Val="$PPRDIR/../../../../Drop-In-JTAG/RTL/device_identification_register.sv"/>
        <Attr Name="ImportTime" Val="1753208809"/>
        <Attr Name="UsedIn" Val="synthesis"/>
        <Attr Name="UsedIn" Val="implementation"/>
        <Attr Name="UsedIn" Val="simulation"/>
      </FileInfo>
    </File>
    <File Path="$PSRCDIR/sources_1/imports/Arty-A7/Drop-In-JTAG/RTL/instruction_register.sv">
      <FileInfo>
        <Attr Name="ImportPath" Val="$PPRDIR/../../../../Drop-In-JTAG/RTL/instruction_register.sv"/>
        <Attr Name="ImportTime" Val="1753208809"/>
        <Attr Name="UsedIn" Val="synthesis"/>
        <Attr Name="UsedIn" Val="implementation"/>
        <Attr Name="UsedIn" Val="simulation"/>
      </FileInfo>
    </File>
    <File Path="$PSRCDIR/sources_1/imports/Arty-A7/Drop-In-JTAG/RTL/jtag_test_logic.sv">
      <FileInfo>
        <Attr Name="ImportPath" Val="$PPRDIR/../../../../Drop-In-JTAG/RTL/jtag_test_logic.sv"/>
        <Attr Name="ImportTime" Val="1753208809"/>
        <Attr Name="UsedIn" Val="synthesis"/>
        <Attr Name="UsedIn" Val="implementation"/>
        <Attr Name="UsedIn" Val="simulation"/>
      </FileInfo>
    </File>
    <File Path="$PSRCDIR/sources_1/imports/Arty-A7/Drop-In-JTAG/RISCV_pipe/hdl/riscv_pipelined.sv">
      <FileInfo>
        <Attr Name="ImportPath" Val="$PPRDIR/../../../../Drop-In-JTAG/RISCV_pipe/hdl/riscv_pipelined.sv"/>
        <Attr Name="ImportTime" Val="1753213250"/>
        <Attr Name="UsedIn" Val="synthesis"/>
        <Attr Name="UsedIn" Val="implementation"/>
        <Attr Name="UsedIn" Val="simulation"/>
      </FileInfo>
    </File>
    <File Path="$PSRCDIR/sources_1/imports/Arty-A7/Drop-In-JTAG/RTL/tap_controller.sv">
      <FileInfo>
        <Attr Name="ImportPath" Val="$PPRDIR/../../../../Drop-In-JTAG/RTL/tap_controller.sv"/>
        <Attr Name="ImportTime" Val="1753208809"/>
        <Attr Name="UsedIn" Val="synthesis"/>
        <Attr Name="UsedIn" Val="implementation"/>
        <Attr Name="UsedIn" Val="simulation"/>
      </FileInfo>
    </File>
    <File Path="$PSRCDIR/sources_1/imports/Arty-A7/Drop-In-JTAG/RTL/top.sv">
      <FileInfo>
        <Attr Name="ImportPath" Val="$PPRDIR/../../../../Drop-In-JTAG/RTL/top.sv"/>
        <Attr Name="ImportTime" Val="1753221160"/>
        <Attr Name="UsedIn" Val="synthesis"/>
        <Attr Name="UsedIn" Val="implementation"/>
        <Attr Name="UsedIn" Val="simulation"/>
      </FileInfo>
    </File>
    <File Path="$PSRCDIR/sources_1/imports/hw/archive_project_summary.txt">
      <FileInfo>
        <Attr Name="ImportPath" Val="$PPRDIR/../../../../demo/hw/archive_project_summary.txt"/>
        <Attr Name="ImportTime" Val="1720334708"/>
      </FileInfo>
    </File>
    <File Path="$PSRCDIR/sources_1/imports/Arty-A7/jtag1/archive_project_summary.txt">
      <FileInfo>
        <Attr Name="ImportPath" Val="$PPRDIR/../../../../jtag1/archive_project_summary.txt"/>
        <Attr Name="ImportTime" Val="1753208546"/>
      </FileInfo>
    </File>
    <File Path="$PSRCDIR/sources_1/imports/Arty-A7/Drop-In-JTAG/RISCV_pipe/riscvtest/riscvtest.mem">
      <FileInfo>
        <Attr Name="ImportPath" Val="$PPRDIR/../../../../Drop-In-JTAG/RISCV_pipe/riscvtest/riscvtest.mem"/>
        <Attr Name="ImportTime" Val="1753208809"/>
        <Attr Name="UsedIn" Val="synthesis"/>
        <Attr Name="UsedIn" Val="simulation"/>
      </FileInfo>
    </File>
    <Config>
      <Option Name="DesignMode" Val="RTL"/>
      <Option Name="TopModule" Val="top"/>
    </Config>
  </FileSet>
  <FileSet Name="constrs_in" Type="Constrs" RelSrcDir="$PSRCDIR/constrs_1" RelGenDir="$PGENDIR/constrs_1">
    <Filter Type="Constrs"/>
    <File Path="$PSRCDIR/constrs_1/imports/constraints/Arty_Master.xdc">
      <FileInfo>
        <Attr Name="ImportPath" Val="$PPRDIR/../../../../../../../src/constraints/Arty_Master.xdc"/>
        <Attr Name="ImportTime" Val="1718712092"/>
        <Attr Name="UsedIn" Val="synthesis"/>
        <Attr Name="UsedIn" Val="implementation"/>
      </FileInfo>
    </File>
    <Config>
      <Option Name="ConstrsType" Val="XDC"/>
    </Config>
  </FileSet>
  <FileSet Name="utils" Type="Utils" RelSrcDir="$PSRCDIR/utils_1" RelGenDir="$PGENDIR/utils_1">
    <Filter Type="Utils"/>
    <File Path="$PSRCDIR/utils_1/imports/synth_1/GPIO_demo.dcp">
      <FileInfo>
        <Attr Name="ImportPath" Val="$PPRDIR/../../../../demo/hw/hw.srcs/utils_1/imports/synth_1/GPIO_demo.dcp"/>
        <Attr Name="ImportTime" Val="1718829832"/>
        <Attr Name="UsedIn" Val="synthesis"/>
        <Attr Name="UsedIn" Val="implementation"/>
        <Attr Name="UsedInSteps" Val="synth_1"/>
        <Attr Name="AutoDcp" Val="1"/>
      </FileInfo>
    </File>
    <File Path="$PSRCDIR/utils_1/imports/synth_1_copy_1/top.dcp">
      <FileInfo>
        <Attr Name="ImportPath" Val="$PPRDIR/../../../../jtag1/jtag1.srcs/utils_1/imports/synth_1_copy_1/top.dcp"/>
        <Attr Name="ImportTime" Val="1753282577"/>
        <Attr Name="UsedIn" Val="synthesis"/>
        <Attr Name="UsedIn" Val="implementation"/>
        <Attr Name="UsedInSteps" Val="synth_1_copy_1"/>
        <Attr Name="AutoDcp" Val="1"/>
      </FileInfo>
    </File>
    <Config>
      <Option Name="TopAutoSet" Val="TRUE"/>
    </Config>
  </FileSet>
  <Strategy Version="1" Minor="2">
    <StratHandle Name="Vivado Synthesis Defaults" Flow="Vivado Synthesis 2022"/>
    <Step Id="synth_design"/>
  </Strategy>
</GenRun>
